{"entities":{"pages":{"Home-Page":{"id":"Home-Page","title":"Home Page","url":"home-page.html","level":0,"tabIndex":0},"GCSE-Python":{"id":"GCSE-Python","title":"GCSE Python","url":"gcse-python.html","level":0,"pages":["GCSE-Python-Data-Types","GCSE-Python-Variables","GCSE-Python-Operators","GCSE-Python-Input-And-Output","GCSE-Python-Selection","GCSE-Python-Iteration","GCSE-Python-Challenges"],"tabIndex":1},"GCSE-Python-Data-Types":{"id":"GCSE-Python-Data-Types","title":"GCSE Python - Data Types","url":"gcse-python-data-types.html","level":1,"parentId":"GCSE-Python","tabIndex":0},"GCSE-Python-Variables":{"id":"GCSE-Python-Variables","title":"GCSE Python - Variables","url":"gcse-python-variables.html","level":1,"parentId":"GCSE-Python","tabIndex":1},"GCSE-Python-Operators":{"id":"GCSE-Python-Operators","title":"GCSE Python - Operators","url":"gcse-python-operators.html","level":1,"parentId":"GCSE-Python","tabIndex":2},"GCSE-Python-Input-And-Output":{"id":"GCSE-Python-Input-And-Output","title":"GCSE Python - Input And Output","url":"gcse-python-input-and-output.html","level":1,"parentId":"GCSE-Python","tabIndex":3},"GCSE-Python-Selection":{"id":"GCSE-Python-Selection","title":"GCSE Python - Selection","url":"gcse-python-selection.html","level":1,"parentId":"GCSE-Python","tabIndex":4},"GCSE-Python-Iteration":{"id":"GCSE-Python-Iteration","title":"GCSE Python - Iteration","url":"gcse-python-iteration.html","level":1,"parentId":"GCSE-Python","tabIndex":5},"GCSE-Python-Challenges":{"id":"GCSE-Python-Challenges","title":"GCSE Python - Python Challenges","url":"gcse-python-challenges.html","level":1,"parentId":"GCSE-Python","tabIndex":6},"Unity-C":{"id":"Unity-C","title":"Unity C#","url":"unity-c.html","level":0,"pages":["Photon-Tutorial"],"tabIndex":2},"Photon-Tutorial":{"id":"Photon-Tutorial","title":"Photon Tutorial - Multiplayer","url":"photon-tutorial.html","level":1,"parentId":"Unity-C","tabIndex":0}}},"topLevelIds":["Home-Page","GCSE-Python","Unity-C"]}